<?xml version="1.0" encoding="UTF-8"?>
<LexicalResource xmlns:dc="http://purl.org/dc/elements/1.1/">
  <Lexicon id="livelanguage-aad" label="Amal" language="aad" email="gabor.bella@unitn.it" license="https://creativecommons.org/licenses/by-nc-sa/4.0/" version="1.0" dc:source="Wiktionary 2022.01. by Wikimedia Foundation (http://en.wiktionary.org); Princeton WordNet 2.1 by Princeton University (https://wordnet.princeton.edu)" dc:description="Amal is a language from the Sepik family, spoken in Oceania. The UKC Lexicon of Amal is represented as a lexico-semantic network. It consists of words, word senses, synsets, as well as sense-level and synset-level relationships." dc:publisher="KnowDive - University of Trento">
    <LexicalEntry id="aad-word-n2268746">
      <Lemma writtenForm="tal" partOfSpeech="n"></Lemma>
      <Sense id="aad-sen3290646" synset="aad-syn1887289"></Sense>
    </LexicalEntry>
    <Synset id="aad-syn1887289" ili="10787470-n" partOfSpeech="n" lexicalized="true">
      <Definition language="eng">an adult female person (as opposed to a man)</Definition>
    </Synset>
  </Lexicon>
</LexicalResource>