<?xml version="1.0" encoding="UTF-8"?>
<LexicalResource xmlns:dc="http://purl.org/dc/elements/1.1/">
  <Lexicon id="livelanguage-aac" label="Ari" language="aac" email="gabor.bella@unitn.it" license="https://creativecommons.org/licenses/by-nc-sa/4.0/" version="1.0" dc:source="Wiktionary 2022.01. by Wikimedia Foundation (http://en.wiktionary.org); Princeton WordNet 2.1 by Princeton University (https://wordnet.princeton.edu)" dc:description="Ari is a language from the South Omotic family, spoken in Africa. The UKC Lexicon of Ari is represented as a lexico-semantic network. It consists of words, word senses, synsets, as well as sense-level and synset-level relationships." dc:publisher="KnowDive - University of Trento">
    <LexicalEntry id="aac-word-n2268782">
      <Lemma writtenForm="atogi" partOfSpeech="n"></Lemma>
      <Sense id="aac-sen3290682" synset="aac-syn1887311"></Sense>
    </LexicalEntry>
    <Synset id="aac-syn1887311" ili="10787470-n" partOfSpeech="n" lexicalized="true">
      <Definition language="eng">an adult female person (as opposed to a man)</Definition>
    </Synset>
  </Lexicon>
</LexicalResource>